Workbook

Sheet SMA plants
A1: Plants | B1: kWp | C1: kWac | D1: API-fee/year | E1: API-fee/month | G1: 0.95 | H1: kWp to kWac
A2: Sunnyportal plant1 | B2: 18 | C2: =B2*$G$1 -> 17.1 | D2: =VLOOKUP(C2,'API fee-model'!$A$1:$D$6,3)+(C2*VLOOKUP(C2,'API fee-model'!$A$1:$D$6,4)) -> 12 | E2: =D2/12 -> 1
A3: Sunnyportal plant2 | B3: 38 | C3: =B3*$G$1 -> 36.1 | D3: =VLOOKUP(C3,'API fee-model'!$A$1:$D$6,3)+(C3*VLOOKUP(C3,'API fee-model'!$A$1:$D$6,4)) -> 15.249 | E3: =D3/12 -> 1.27075
A4: Sunnyportal plant3 | B4: 100 | C4: =B4*$G$1 -> 95 | D4: =VLOOKUP(C4,'API fee-model'!$A$1:$D$6,3)+(C4*VLOOKUP(C4,'API fee-model'!$A$1:$D$6,4)) -> 20.55 | E4: =D4/12 -> 1.7125
A5: Sunnyportal plant4 | B5: 130 | C5: =B5*$G$1 -> 123.5 | D5: =VLOOKUP(C5,'API fee-model'!$A$1:$D$6,3)+(C5*VLOOKUP(C5,'API fee-model'!$A$1:$D$6,4)) -> 22.41 | E5: =D5/12 -> 1.8675
A6: Sunnyportal plant5 | B6: 150 | C6: =B6*$G$1 -> 142.5 | D6: =VLOOKUP(C6,'API fee-model'!$A$1:$D$6,3)+(C6*VLOOKUP(C6,'API fee-model'!$A$1:$D$6,4)) -> 23.55 | E6: =D6/12 -> 1.9625
A7: Sunnyportal plant6 | B7: 250 | C7: =B7*$G$1 -> 237.5 | D7: =VLOOKUP(C7,'API fee-model'!$A$1:$D$6,3)+(C7*VLOOKUP(C7,'API fee-model'!$A$1:$D$6,4)) -> 29.25 | E7: =D7/12 -> 2.4375
A8: Sunnyportal plant7 | B8: 235 | C8: =B8*$G$1 -> 223.25 | D8: =VLOOKUP(C8,'API fee-model'!$A$1:$D$6,3)+(C8*VLOOKUP(C8,'API fee-model'!$A$1:$D$6,4)) -> 28.395 | E8: =D8/12 -> 2.36625
A9: Sunnyportal plant8 | B9: 155 | C9: =B9*$G$1 -> 147.25 | D9: =VLOOKUP(C9,'API fee-model'!$A$1:$D$6,3)+(C9*VLOOKUP(C9,'API fee-model'!$A$1:$D$6,4)) -> 23.835 | E9: =D9/12 -> 1.98625
A10: Sunnyportal plant9 | B10: 45 | C10: =B10*$G$1 -> 42.75 | D10: =VLOOKUP(C10,'API fee-model'!$A$1:$D$6,3)+(C10*VLOOKUP(C10,'API fee-model'!$A$1:$D$6,4)) -> 15.8475 | E10: =D10/12 -> 1.320625
A11: Sunnyportal plant10 | B11: 125 | C11: =B11*$G$1 -> 118.75 | D11: =VLOOKUP(C11,'API fee-model'!$A$1:$D$6,3)+(C11*VLOOKUP(C11,'API fee-model'!$A$1:$D$6,4)) -> 22.125 | E11: =D11/12 -> 1.84375
A12: Sunnyportal plant11 | B12: 280 | C12: =B12*$G$1 -> 266 | D12: =VLOOKUP(C12,'API fee-model'!$A$1:$D$6,3)+(C12*VLOOKUP(C12,'API fee-model'!$A$1:$D$6,4)) -> 30.96 | E12: =D12/12 -> 2.58
A13: Sunnyportal plant12 | B13: 80 | C13: =B13*$G$1 -> 76 | D13: =VLOOKUP(C13,'API fee-model'!$A$1:$D$6,3)+(C13*VLOOKUP(C13,'API fee-model'!$A$1:$D$6,4)) -> 18.84 | E13: =D13/12 -> 1.57
... A16: Sunnyportal plant15 | B16: 260 | C16: =B16*$G$1 -> 247 | D16: =VLOOKUP(C16,'API fee-model'!$A$1:$D$6,3)+(C16*VLOOKUP(C16,'API fee-model'!$A$1:$D$6,4)) -> 29.82 | E16: =D16/12 -> 2.485
A21: SUM | D21: =SUM(D2:D20) -> 357.3165 | E21: =SUM(E2:E20) -> 29.776375

Sheet API fee-model
A1: Tier Start | B1: Tier End | C1: Base | D1: Factor
A2: 0 | B2: 19 | C2: 12 | D2: 0
A3: 20 | B3: 99 | C3: 12 | D3: 0.09
A4: 100 | B4: 499 | C4: 15 | D4: 0.06
A5: 500 | B5: 999 | C5: 25 | D5: 0.04
A6: 1000 | C6: 65 | D6: 0
